experiment,temp_C,drying_time_min,Deff_1_mean,Deff_2_mean,Ea_1_mean,Ea_2_mean,MR_final,DR_max,DR_mean
T35,35,170,6.17e-09,1.611e-08,31.26,17.75,0.0,0.011902999999999997,0.005816391812865497
T45,45,150,8.72e-09,1.801e-08,31.26,17.75,0.014437,0.033572999999999964,0.006749245033112583
T55,55,120,1.298e-08,2.463e-08,31.26,17.75,0.016232,0.03375700000000004,0.00840929752066116
