category,d,cliff_delta,n_lt,n_mt
esters,-1.937925580499817,-1.0,2,2
hydrocarbons,1.6641005886756866,1.0,2,2
ketones,-0.5229209573956818,-0.3333333333333333,3,3
alcohols,-0.11014645446679036,-0.05555555555555555,6,6
aldehydes,0.0,-0.03125,8,8
acids,,-1.0,1,1
pyrazines,,1.0,1,1
