feature,importance_mean,importance_std
temp_C,0.18757207586064695,0.04000127086423714
Deff_1,0.0,0.0
Deff_2,0.0,0.0
drying_time_min,0.21624741084312457,0.04278108285547437
Ea_1,0.0,0.0
Ea_2,0.0,0.0
temp_squared,0.1903464955679241,0.03893089126364859
Deff_ratio,0.21991650381364614,0.042273828957007674
Ea_ratio,0.0,0.0
Deff_Ea_interaction,0.18591751391465625,0.04062378251328961
